"Date","RainfallSum"
2020-05-19,0
2020-05-20,0.3
2020-05-21,0.3
2020-05-22,6.1
2020-05-23,0
2020-05-24,0
2020-05-25,0
2020-05-26,0
2020-05-27,0
2020-05-28,22.1
2020-05-29,12.1
2020-05-30,0
2020-05-31,0
2020-06-01,0
2020-06-02,0.6
2020-06-03,0
2020-06-04,15.8
2020-06-05,17.5
2020-06-06,0
2020-06-07,0
2020-06-08,0
2020-06-09,0
2020-06-10,8.1
2020-06-11,0.3
2020-06-12,0
2020-06-13,8.6
2020-06-14,0
2020-06-15,0
2020-06-16,0
2020-06-17,0
2020-06-18,4
2020-06-19,0.6
2020-06-20,0
2020-06-21,0
2020-06-22,6.1
2020-06-23,4.6
2020-06-24,0
2020-06-25,3.4
2020-06-26,0.6
2020-06-27,4.2
2020-06-28,1.6
2020-06-29,0
2020-06-30,0
2020-07-01,0
2020-07-02,0
2020-07-03,0
2020-07-04,0
2020-07-05,0
2020-07-06,0
2020-07-07,16
2020-07-08,0
2020-07-09,0
2020-07-10,24.5
2020-07-11,0.3
2020-07-12,0
2020-07-13,0
2020-07-14,0
2020-07-15,0
2020-07-16,0.3
2020-07-17,0.3
2020-07-18,0
2020-07-19,0
2020-07-20,0
2020-07-21,5.3
2020-07-22,10.1
2020-07-23,11.4
2020-07-24,0.3
2020-07-25,0
2020-07-26,0
2020-07-27,5.1
2020-07-28,0
2020-07-29,0
2020-07-30,0
2020-07-31,0
2020-08-01,18.3
2020-08-02,4.6
2020-08-03,2.4
2020-08-04,23.8
2020-08-05,0
2020-08-06,0
2020-08-07,0
2020-08-08,0
2020-08-09,0
2020-08-10,0
2020-08-11,0
2020-08-12,0
2020-08-13,0
2020-08-14,0
2020-08-15,0
2020-08-16,0
2020-08-17,5.7
2020-08-18,0.3
2020-08-19,0
2020-08-20,0
2020-08-21,0.3
2020-08-22,0
2020-08-23,1.5
2020-08-24,0
2020-08-25,2.6
2020-08-26,0.6
2020-08-27,32.1
2020-08-28,30.2
2020-08-29,0.3
2020-08-30,0
2020-08-31,0
2020-09-01,0
2020-09-02,5.1
2020-09-03,1.5
2020-09-04,0
2020-09-05,0
2020-09-06,0
2020-09-07,27.2
2020-09-08,0.3
2020-09-09,0
2020-09-10,0
2020-09-11,0
2020-09-12,0
2020-09-13,2.8
2020-09-14,0.3
2020-09-15,0
2020-09-16,0
2020-09-17,0
2020-09-18,0
2020-09-19,0
2020-09-20,0
2020-09-21,0
2020-09-22,0
2020-09-23,0
2020-09-24,0
2020-09-25,0
2020-09-26,0
2020-09-27,0
2020-09-28,14.9
2020-09-29,16
2020-09-30,0.6
2020-10-01,1.4
2020-10-02,0
2020-10-03,0
2020-10-04,6.8
2020-10-05,1.2
2020-10-06,0
2020-10-07,0
2020-10-08,0
2020-10-09,0
2020-10-10,0
2020-10-11,0.3
2020-10-12,0
2020-10-13,10.3
2020-10-14,0
2020-10-15,2.7
2020-10-16,0
2020-10-17,0
2020-10-18,0.3
2020-10-19,12.7
2020-10-20,12.4
2020-10-21,0.6
2020-10-22,0
2020-10-23,8.7
2020-10-24,2.7
2020-10-25,3.7
2020-10-26,0.9
2020-10-27,1.2
2020-10-28,3.3
2020-10-29,26.3
2020-10-30,7.2
2020-10-31,0
2020-11-01,0.9
2020-11-02,0
2020-11-03,0
2020-11-04,0
2020-11-05,0
2020-11-06,0
2020-11-07,0
2020-11-08,0
2020-11-09,0
2020-11-10,0
2020-11-11,13.5
2020-11-12,0
2020-11-13,0
2020-11-14,0
2020-11-15,7.1
